Job Title,text
Software Engineer,We're looking for a software engineer who can develop cutting-edge technology solutions to help businesses grow. The ideal candidate will have experience with various programming languages and a passion for innovation.
Marketing Manager,"We're seeking a marketing manager to develop and implement effective marketing strategies that drive business growth. The ideal candidate will have a deep understanding of the market and customer needs, and the ability to work collaboratively with cross-functional teams."
Sales Representative,"We're hiring a sales representative who can drive revenue growth by identifying new business opportunities, building strong relationships with customers, and closing deals. The ideal candidate will have a track record of sales success and excellent communication skills."
Software Engineer,We're looking for a software engineer who can develop cutting-edge technology solutions to help businesses grow. The ideal candidate will have experience with various programming languages and a passion for innovation.
Marketing Manager,"We're seeking a marketing manager to develop and implement effective marketing strategies that drive business growth. The ideal candidate will have a deep understanding of the market and customer needs, and the ability to work collaboratively with cross-functional teams."
Sales Representative,"We're hiring a sales representative who can drive revenue growth by identifying new business opportunities, building strong relationships with customers, and closing deals. The ideal candidate will have a track record of sales success and excellent communication skills."
Data Scientist,We're looking for a data scientist to turn data into insights and develop innovative data-driven solutions to business problems. The ideal candidate will have experience with statistical analysis and machine learning algorithms.
UX Designer,"We're seeking a UX designer to create intuitive and engaging user experiences for our products. The ideal candidate will have a strong design portfolio, experience with user research and testing, and a passion for solving complex design problems."
Project Manager,"We're hiring a project manager to lead cross-functional teams and deliver projects on time and within budget. The ideal candidate will have experience with project management methodologies, excellent communication skills, and a strong attention to detail."
Software Engineer,"We're looking for a software engineer who can develop cutting-edge technology solutions to help businesses grow. The ideal candidate will have experience with various programming languages and a passion for innovation. Responsibilities include designing and developing software applications, collaborating with cross-functional teams, and ensuring the quality and reliability of the software."
Marketing Manager,"We're seeking a marketing manager to develop and implement effective marketing strategies that drive business growth. The ideal candidate will have a deep understanding of the market and customer needs, and the ability to work collaboratively with cross-functional teams. Responsibilities include conducting market research, developing marketing plans and campaigns, managing budgets and timelines, and analyzing marketing data to measure performance."
Sales Representative,"We're hiring a sales representative who can drive revenue growth by identifying new business opportunities, building strong relationships with customers, and closing deals. The ideal candidate will have a track record of sales success and excellent communication skills. Responsibilities include prospecting new business leads, conducting sales presentations, negotiating contracts, and maintaining positive relationships with customers."
Graphic Designer,"We're looking for a creative graphic designer who can develop visual designs for digital and print materials. The ideal candidate will have experience with graphic design software, a strong portfolio of work, and an eye for detail. Responsibilities include creating visual designs for marketing materials, websites, and social media platforms, collaborating with cross-functional teams, and ensuring brand consistency across all materials."
Human Resources Manager,"We're seeking an experienced human resources manager who can lead our talent acquisition and management efforts. The ideal candidate will have a deep understanding of HR policies and practices, and the ability to build strong relationships with employees and external partners. Responsibilities include developing HR policies, managing employee benefits and compensation, recruiting new talent, and maintaining HR records and reports."
Project Manager,"We're hiring a project manager who can lead cross-functional teams to successfully complete projects on time and within budget. The ideal candidate will have experience managing projects from start to finish, strong communication skills, and the ability to motivate and inspire team members. Responsibilities include creating project plans, managing project timelines and budgets, identifying and mitigating project risks, and ensuring project deliverables meet quality standards."
Customer Service Rep,"We're looking for a customer service representative who can provide excellent service to our customers through phone, email, and chat channels. The ideal candidate will have strong communication skills, a customer-focused mindset, and the ability to handle customer inquiries and issues in a timely and professional manner. Responsibilities include answering customer inquiries, resolving customer issues, maintaining customer records, and providing exceptional customer service."
Data Analyst,"We're seeking a data analyst who can help us make data-driven decisions to improve our business operations. The ideal candidate will have experience with data analysis software and strong analytical skills. Responsibilities include collecting and analyzing data, identifying"
Human Resources Manager,"We're seeking an HR Manager who will be responsible for managing employee relations, compensation, benefits, and employee development. The ideal candidate will have experience in HR management and strong communication skills."
Graphic Designer,We're looking for a Graphic Designer who can create visually appealing designs that communicate complex information effectively. The ideal candidate will have experience with design software and a keen eye for aesthetics.
Product Manager,We're hiring a Product Manager who will lead the development of new products from conception to launch. The ideal candidate will have experience in product management and the ability to work collaboratively with cross-functional teams.
Financial Analyst,"We're seeking a Financial Analyst who will be responsible for analyzing financial data, preparing financial reports, and developing financial models. The ideal candidate will have experience in financial analysis and strong analytical skills."
Operations Manager,We're looking for an Operations Manager who can oversee the day-to-day operations of the company and ensure operational efficiency. The ideal candidate will have experience in operations management and the ability to lead teams.
